언론사, 뉴스제목
연합뉴스, 의협 "코로나19 엄중…국무총리·여야에 긴급 대화 제안"
연합뉴스, 순천향대 천안병원 의료진 3명 코로나19 감염…일부 시설 폐쇄
조선비즈, 용산 LG유플러스서도 코로나 양성… 삼성 수도권 사업장서도 확진자 잇따라
노컷뉴스, 코로나19 신규 확진 400명 육박  전국에서 속출
연합뉴스, 코로나19 재확산에 가족돌봄휴가비 지원 9월 말까지 연장
MBC, 영국 전문가 "코로나19  영원히 인류와 함께할 것"
연합뉴스, 내년 예산 8~9% 늘린 550조 중반될 듯…코로나 극복에 방점
뉴시스, 전남 동부권 코로나19 확산세 무섭다…김영록지사 연일 긴급현장점검(종합)
MBC, 코로나19 신규 확진 397명…국내 발생 387명
연합뉴스, 정부 "코로나19 엄중…의료인  지금은 진료 현장 복귀해야"
MBC, 통합당  '코로나19' 대책 특위 발족…위원장에 신상진
문화일보, 코로나 신규확진 397명 급증  400명대 육박…비수도권 100명 전국적 확산
뉴스1, "코로나19  인류와 영원히 함께할 수도"…英SAGE 경고
세계일보, “코로나  인류와 영원히 함께할 것”
새전북신문, 코로나 재확산  관광지-유흥가 `한산'
새전북신문, "모두가 하나돼 코로나와 맞서 싸우자"
조선비즈, 맥도날드 서울역점 직원 코로나19 확진에 영업 일시 중단
파이낸셜뉴스, 광주서 밤새 코로나19 확진자 5명 발생...22일 하루 17명
이데일리, 부산  의사는 파업하고 교회는 대면예배…"기도로 코로나 못 막아"
한국경제, [속보] 사법연수원 직원 코로나 확진…청사 행사 '올스톱'
조선일보, 김부겸 "극우가 文 정부 흔들려고 코로나 퍼뜨리고 있다"
연합뉴스, 서훈-양제츠 회담…코로나19 안정 후 시진핑 조기방한 합의(종합2보)
KBS, 김종인 “여당이 싸울 대상은 국민과 야당 아닌 코로나”
파이낸셜뉴스, 홍남기 "의료 파업은 코로나 대응 노력 수포로 돌리는 것"
조선일보, '다만 악' 코로나 사태 후 첫 400만 관객 돌파
SBS, 코로나19 국내 신규 확진 397명…사흘 연속 300명대
중앙일보, 직원·환자 1000명 검사…순천향대 천안병원 의료진 3명 코로나19 확진
서울경제, 코로나에 전세계 인구 수명 400만년 줄었다···석달새 2.6배 급증
한국경제, 정부 "코로나 위기상황…의료인  진료 현장 복귀해야"
미디어오늘, 코로나19 확산에 넷플릭스·KBS 드라마 제작 당분간 중단
SBS, 靑 "오늘부터 코로나19 비상 대응 체제 가동"
조선일보, 하태경  현장 예배 강행 교회에 "기도와 신앙으로 코로나 막을 수 없다"
연합뉴스, 코로나19 예식 분야 분쟁 부산소비생활센터에 신고하세요
뉴시스, "선박검사도 비대면"…코로나 재확산에 원격 검사 확대
헤럴드경제, 코로나19 신규 확진자 400명 육박…수도권 297명 등 총 397명
파이낸셜뉴스, "400명 확진이 정점 아니다" 코로나 ‘전국 대유행’ 눈앞
국민일보, 중국  임상 중인 코로나백신 지난달부터 사용 시작
SBS, 의협 "코로나19 업중…국무총리·여야에 파업 관련 긴급 대화 제안"
이데일리, 서훈·양제츠 “코로나19 안정되는 대로 시진핑 방한 조기 성사”(종합)
YTN, "코로나19 대유행 앞둔 심각한 상황...거리 두기 3단계 적용 검토 중"
OBS, 경찰 "코로나19 관련 가짜뉴스 유포 엄정 대응"
헤럴드경제, 靑 “시진핑 방한 조기 성사 합의”…코로나19 안정되는대로
연합뉴스, 인천서 상근예비역 코로나 확진…'갈릴리장로교회' 모친에 감염
연합뉴스, 코로나19 전국 대유행 위기 임박…거리두기 3단계 검토하나
헤럴드경제, 열흘간 2629명 전국 동시 발생…우려가 현실이 된 코로나 재유행
머니투데이, "코로나 백신 한번으로 안된다…영원히 우리 옆에 있을것"
연합뉴스, 코로나19 주말이 고비…정부  확산세 지속하면 3단계 격상 검토
경향신문, "코로나 바이러스 인류와 영원히 함께할 것" 영국 과학자문단 경고
연합뉴스, [유럽증시] 코로나19 확산 우려 속 일제히 하락
파이낸셜뉴스, 이용섭 광주광역시장  코로나19 진단검사...수행비서 확진자 접촉
뉴시스, '직원 코로나19 확진' 김대중센터 폐쇄
KBS, 인천 상근예비역 병사 1명 코로나19 확진…교회방문 모친에 감염된 듯
노컷뉴스, 코로나 2차 공습에 올 경제성장률 하락폭 '비상'
조선비즈, 미래통합당  ‘코로나19 대책 특위’ 발족...당 차원 해법 제시
채널A, 서울아산·분당차병원 ‘진료 중단’…코로나 확진자 발생 비상
뉴스1, [공식] '도도솔솔라라솔' 코로나19 여파로 첫방 연기 "자가격리 후 촬영 재개...
연합뉴스, 野 "방역최전선에서 솔선수범"…'코로나프레임' 돌파 시도
파이낸셜뉴스, 日 코로나 하루 확진 여전히 1000명 육박
서울경제, "장마 끝나고 겨우 더워졌는데"··· 코로나에 전국 해수욕장 조기 폐장
한국경제TV, 서울 코로나19 확진자 폭증…8월 들어 양성률 7배 급등
노컷뉴스, [속보]'코로나 전담' 마산의료원 간호사 확진…응급실 폐쇄
프레시안, 전주 50대 여성 '코로나19' 감염...전북 69번째 확진
뉴시스, 경남  코로나19 검역소 확진자 1명 추가…총 15명
새전북신문, 전주지법 부장판사 코로나19확진…법원 폐쇄
연합뉴스, [전문] 박능후 담화문 "코로나19 대규모 유행 시작 기로…대응 집중"
한국경제TV, WHO 사무총장 "코로나 2년 내 종식...스페인 독감도 2년 걸려“
서울경제, “걸리면 대입 망해요” 수능 100일 앞두고 수험생 ‘코로나 패닉’
서울신문, 선별진료소마저 중단… 코로나 재확산·의료공백에 환자들 ‘이중고’
서울경제, “수도권과 코로나 사정 다르다”...지방에서 어린이 전도 논란
뉴시스, 軍 코로나19 확진자 1명 추가…인천 육군 상근예비역 병사
시민의소리, 전남도  코로나19 '지역감염 환자 7명' 발생
뉴시스, 통합당 "민주당 코로나 방역 1순위는 김종인 끌어내기냐"
미디어오늘, 청와대 코로나 엄중 비상근무체제 '매일 긴급회의'
서울경제, 코로나 장기화에 결국...은행권 기업·가계대출 연체율 '쑥'
충청투데이, 충주시  코로나19 지역 확산 차단에 행정력 총 집중
동아일보, 올해 예비군 소집훈련 전격 취소…“코로나19 상황 엄중”
아시아경제, "이틀째 300명대" 코로나19 신규확진 332명…17개 시·도 동시 발생(종합)
뉴시스, [속보] 경남  밤새 코로나19 확진자 4명 추가…총 195명
국제신문, 與  코로나 전국 재확산에 “추석 이동 제한도 고민해야 할 상황”
한국일보, 인구 1% 코로나 감염 싱가포르  하늘길 여는 까닭
연합뉴스, 통합  코로나19 대책 특위 발족…위원장에 신상진
연합뉴스, 사법연수원 직원 코로나19 확진…청사 내 행사 모두 연기
매일경제, [속보]코로나19 신규확진자  어제 397명 급증…열흘간 2629명 증가
국민일보, 英전문가 “코로나  인류와 영원히 할 것”… 美선 “하루 사망자 6000명 될 ...
이뉴스투데이, 영동군  전국 확산 조짐 코로나19 예방 '총력'
연합뉴스, "나 코로나19 확진자야"…지하철서 마스크 안 쓰고 난동
세계일보, [속보] 靑 “코로나19 안정되는대로 시진핑 방한 조기 성사하기로 합의”
연합뉴스, 광주시장·시의장·교육감 코로나19 음성(종합)
동아사이언스, "신규 코로나 확진 400명 넘을수도...거리두기 2단계 효과는 일주일 뒤"
서울경제, 순천향대 천안병원 의료진 코로나19 감염···일부 시설 폐쇄
TBS, 인천에서 상근예비역 코로나19 확진
TV조선, 코로나 신규확진 400명 육박…"이번 주말이 마지막 기회"
뉴시스, 원희룡 제주지사 “코로나·태풍 맞물려…최악 대비해야”
강원도민일보, [원주]원주 20대 남녀 3명 코로나19 추가 확진
아시아경제, 靑 "코로나19 안정되는대로 시진핑 방한 합의"
조선일보, 민주당 의원들  이번엔 코로나 법원 탓 "판사 새X가 국정농단"
노컷뉴스, 광복절 집회 투입 경찰 코로나 검사 완료…확진 5명(종합)
스포츠월드, 드라마 ‘도도라라솔’ 첫방송 연기… 코로나 19 재확산 여파
조선일보, 코로나 언제쯤 종식될까…WHO "2년 내 종식 희망"
스포츠서울, 롯데인재개발원 직원  코로나19 확진 판정
